{"cameraMode":{"drawMode":0,"name":"Shaded","section":"Shading Mode"},"sceneLighting":false,"audioPlay":false,"sceneViewState":{"m_AlwaysRefresh":false,"showFog":true,"showSkybox":false,"showFlares":true,"showImageEffects":true,"showParticleSystems":true,"showVisualEffectGraphs":true,"m_FxEnabled":true},"in2DMode":false,"pivot":{"x":-0.12000000476837158,"y":1.4587247371673585,"z":2.565000057220459},"rotation":{"x":-0.002200297312811017,"y":0.9674785733222961,"z":-0.25281891226768496,"w":-0.008421040140092373},"size":3.2125279903411867,"orthographic":false}